time;x-coordinate of end of beam;y-coordinate of end of beam
0.0;-1.82183183140948e-08;-9.983880725469574e-05
0.01;-3.103634761429412e-07;-0.00039710317971543583
0.02;-1.937226817419237e-06;-0.0008812691063376134
0.03;-6.894794232426801e-06;-0.0015440079014470128
0.04;-1.706600949691917e-05;-0.0024431823527488548
0.05;-3.306952415909759e-05;-0.00374499014648888
0.060000000000000005;-5.713564279156569e-05;-0.005579316847285543
0.07;-9.710199108106282e-05;-0.007881042231680655
0.08;-0.0001631495644240863;-0.010543558214442637
0.09;-0.0002692872155007459;-0.013562780894038848
0.09999999999999999;-0.00043084022222877676;-0.01689455022047223
0.10999999999999999;-0.0006564981612355252;-0.020473862010977912
0.11999999999999998;-0.0009503319021638719;-0.024301792358902487
0.12999999999999998;-0.001306986077263465;-0.02829807176156698
0.13999999999999999;-0.001715543825933141;-0.032316138800682764
0.15;-0.002163955131485848;-0.036250278009114616
0.16;-0.002640311302016341;-0.04008475794510439
0.17;-0.003156172571226519;-0.043953000859196345
0.18000000000000002;-0.003730552178643295;-0.047940793149995733
0.19000000000000003;-0.004367018314545532;-0.05201132018796572
0.20000000000000004;-0.005074344325318198;-0.05617234906929844
0.21000000000000005;-0.005871534999046333;-0.06044203976714396
0.22000000000000006;-0.006776060952579435;-0.06480874590766013
0.23000000000000007;-0.007796125685565482;-0.06928676282626457
0.24000000000000007;-0.008942462771451077;-0.07394300263488864
0.25000000000000006;-0.010215022342369541;-0.07874512493666583
0.26000000000000006;-0.011578295337099215;-0.08348976560675037
0.2700000000000001;-0.012990375416693642;-0.08803818176073198
0.2800000000000001;-0.014402290433318657;-0.09234652694709883
0.2900000000000001;-0.015778096627909428;-0.09640168745302904
0.3000000000000001;-0.01710878564740343;-0.10021481612662897
0.3100000000000001;-0.018359816827028787;-0.10376532070704526
0.3200000000000001;-0.01950690693524804;-0.1070395879947956
0.3300000000000001;-0.02055794485545027;-0.11001066029354377
0.34000000000000014;-0.021518016335268803;-0.11264050959307717
0.35000000000000014;-0.022409227155425086;-0.11500794884100023
0.36000000000000015;-0.023286108124085967;-0.11728360976535822
0.37000000000000016;-0.024174735127458775;-0.11949689106484389
0.38000000000000017;-0.025064615115983097;-0.1215738821541007
0.3900000000000002;-0.025946270493132906;-0.12349839909473809
0.4000000000000002;-0.026781309504540714;-0.12520619417466622
0.4100000000000002;-0.02753743519463302;-0.12663333171556848
0.4200000000000002;-0.028201617008839035;-0.1277932268293249
0.4300000000000002;-0.028736962670172308;-0.12870948030606552
0.4400000000000002;-0.029092365846846303;-0.12933804645365662
0.45000000000000023;-0.029224116486244775;-0.1295513303733658
0.46000000000000024;-0.029099900900389334;-0.12928220406915808
0.47000000000000025;-0.02871277305752954;-0.12856160467863287
0.48000000000000026;-0.02811125118837919;-0.12745593027320556
0.49000000000000027;-0.0273540766400867;-0.1260312542684915
0.5000000000000002;-0.02648434077569453;-0.12435527776159552
0.5100000000000002;-0.02554578742522008;-0.12248481457723549
0.5200000000000002;-0.024559020624152595;-0.12038901514445513
0.5300000000000002;-0.023537722261326527;-0.11802738070745245
0.5400000000000003;-0.02252259462349879;-0.11551853576307755
0.5500000000000003;-0.021532763229446444;-0.11296763637794788
0.5600000000000003;-0.020547465024798987;-0.11032272815160658
0.5700000000000003;-0.01955759056540078;-0.10754860187611635
0.5800000000000003;-0.018528476684505215;-0.10457697315894161
0.5900000000000003;-0.01741234335135981;-0.10130205142160456
0.6000000000000003;-0.01620790843655314;-0.0976925771240613
0.6100000000000003;-0.014930712320082183;-0.0937902195120083
0.6200000000000003;-0.013600004852280374;-0.08968736948245627
0.6300000000000003;-0.012245054375980259;-0.08540149667596857
0.6400000000000003;-0.010890200164723278;-0.08087409687116151
0.6500000000000004;-0.009563014623393947;-0.07612026630793965
0.6600000000000004;-0.008309998675271789;-0.07127137485336026
0.6700000000000004;-0.007164633954711632;-0.06644883523728713
0.6800000000000004;-0.006144587839368079;-0.061741753181366925
0.6900000000000004;-0.005257679023988983;-0.057258482583972536
0.7000000000000004;-0.004488069442870331;-0.05300764622503803
0.7100000000000004;-0.003813638982217974;-0.04886798278539358
0.7200000000000004;-0.0032227126041712807;-0.044790770603720345
0.7300000000000004;-0.002704017459966228;-0.04084967083456851
0.7400000000000004;-0.00224032321249156;-0.037064643121976125
0.7500000000000004;-0.001822706501593611;-0.03337334086469874
0.7600000000000005;-0.001448845418541502;-0.029704533896816886
0.7700000000000005;-0.0011086755112076339;-0.026001091362433146
0.7800000000000005;-0.0008014586793279984;-0.022272094238360428
0.7900000000000005;-0.0005436322006638764;-0.018591064170778993
0.8000000000000005;-0.00034586955077454913;-0.015062629091711738
0.8100000000000005;-0.00020831701101631567;-0.011859566768257291
0.8200000000000005;-0.00011807557387806597;-0.009021131977718143
0.8300000000000005;-6.406564098262824e-05;-0.006460133103391342
0.8400000000000005;-4.060572408019576e-05;-0.004246755990589475
0.8500000000000005;-3.0743453178601884e-05;-0.0024874256282239756
0.8600000000000005;-2.0787775771874673e-05;-0.0012138631679632073
0.8700000000000006;-1.0590003742482038e-05;-0.0004025232205160415
0.8800000000000006;-4.403799760601125e-06;1.2024355964648134e-05
0.8900000000000006;-3.3187171329697845e-06;0.00013591550651438535
0.9000000000000006;-1.7914606982621496e-06;0.0001027228657007161
0.9100000000000006;1.4219031954350913e-06;-5.5983091254528506e-05
0.9200000000000006;1.261494662095393e-06;-0.0004050882049172194
0.9300000000000006;-1.9622669872922213e-06;-0.0009994446298482163
0.9400000000000006;-5.552379064791671e-06;-0.0018060269567490377
0.9500000000000006;-9.316012280542279e-06;-0.0027471529081249946
0.9600000000000006;-2.049249512060777e-05;-0.0038764540282141676
0.9700000000000006;-4.578419154071126e-05;-0.005326297030748401
0.9800000000000006;-8.378979186483617e-05;-0.007152279271198936
0.9900000000000007;-0.00013693290416710808;-0.00942877928270194
1.0000000000000007;-0.00021952032410326906;-0.012213668378801902
1.0100000000000007;-0.00034905495032038484;-0.015394529389474653
1.0200000000000007;-0.0005363640538274869;-0.01883350486672555
1.0300000000000007;-0.0007876418394736402;-0.02251429267149018
1.0400000000000007;-0.001112270722798686;-0.026444030820512266
1.0500000000000007;-0.0015194965265805205;-0.03058902493196348
1.0600000000000007;-0.001996372814491047;-0.03482855544765267
1.0700000000000007;-0.0025152269047985943;-0.039021216626883536
1.0800000000000007;-0.003066571279171198;-0.043133246193930004
1.0900000000000007;-0.0036566771161344143;-0.047162374935669236
1.1000000000000008;-0.0042867825100121925;-0.051137599466536565
1.1100000000000008;-0.004963631708168473;-0.055180047427124
1.1200000000000008;-0.005711108880393333;-0.0593705531438679
1.1300000000000008;-0.006543336704699775;-0.0636368605915924
1.1400000000000008;-0.007465193290759471;-0.06791736338072443
1.1500000000000008;-0.008488346899266858;-0.07226942127716783
1.1600000000000008;-0.009626902295517747;-0.07675565963562864
1.1700000000000008;-0.01089008479508796;-0.08134274381635062
1.1800000000000008;-0.01226703501161166;-0.08596815802562455
1.1900000000000008;-0.013712785961214363;-0.09053660981270285
1.2000000000000008;-0.015170668425921853;-0.09488600922221643
1.2100000000000009;-0.016607924214971072;-0.09892848419444271
1.2200000000000009;-0.017978742174372214;-0.10264713421479602
1.2300000000000009;-0.01925602326620272;-0.10610483104324704
1.2400000000000009;-0.020443029603061397;-0.10933828958114977
1.2500000000000009;-0.02151256022920119;-0.11224093622708438
1.260000000000001;-0.02245918054982521;-0.11479446160345996
1.270000000000001;-0.023307679031075397;-0.11706577990367892
1.280000000000001;-0.024081783895400943;-0.11908200014826559
1.290000000000001;-0.024823748200918327;-0.12092124709059947
1.300000000000001;-0.0255711438009136;-0.12269157785042491
1.310000000000001;-0.026318518983440117;-0.12439045492480975
1.320000000000001;-0.027030998743087578;-0.12589405777574697
1.330000000000001;-0.027684145058288683;-0.1271215732113318
1.340000000000001;-0.028245985146168086;-0.12807938530914847
1.350000000000001;-0.02868379955601848;-0.1287758278640136
1.360000000000001;-0.028977183380202786;-0.12918561962829306
1.370000000000001;-0.02908224313557342;-0.12926536180648526
1.380000000000001;-0.028956826042836753;-0.12897211239293016
1.390000000000001;-0.028582456846908046;-0.1282315963025316
1.400000000000001;-0.027958288840150742;-0.12700016107978876
1.410000000000001;-0.027124500877765884;-0.12535744927086104
1.420000000000001;-0.02616142227665025;-0.12346065320933991
1.430000000000001;-0.025121250265644768;-0.12135851101060521
1.440000000000001;-0.024024667857416446;-0.1190174939833911
1.450000000000001;-0.022907044023405425;-0.11648725031435232
1.460000000000001;-0.021787738911807603;-0.1137925217651634
1.470000000000001;-0.020677098826997115;-0.11092281110340992
1.480000000000001;-0.019602757359081343;-0.10796931297118495
1.490000000000001;-0.01855499651346397;-0.10498989280941386
1.500000000000001;-0.017500420197913286;-0.10191587726104795
1.5100000000000011;-0.01642009862667129;-0.09862918861821147
1.5200000000000011;-0.015278143109823833;-0.09502659151087119
1.5300000000000011;-0.01405844487765129;-0.09113073821525207
1.5400000000000011;-0.012784414231008207;-0.08699448326449138
1.5500000000000012;-0.011486352840334866;-0.08263467651851224
1.5600000000000012;-0.010191351639642802;-0.07810442077358004
1.5700000000000012;-0.008923854246509629;-0.07343915599152102
1.5800000000000012;-0.007708348213213383;-0.06862253284917312
1.5900000000000012;-0.00658174745621142;-0.06369187032504002
1.6000000000000012;-0.005580627033343506;-0.0588343403495798
1.6100000000000012;-0.004706553861276273;-0.05422189823576399
1.6200000000000012;-0.003949984631773057;-0.049852809130367985
1.6300000000000012;-0.003308287989595397;-0.045688308608386394
1.6400000000000012;-0.0027663686190404326;-0.04171047711609308
1.6500000000000012;-0.0022930757577174377;-0.03785580542991844
1.6600000000000013;-0.0018740542947172777;-0.03411096096790584
1.6700000000000013;-0.0015121504291062155;-0.030504360508720654
1.6800000000000013;-0.0011975738845801287;-0.02703386904525585
1.6900000000000013;-0.0009172600001719585;-0.023652034036924736
1.7000000000000013;-0.0006634519367217748;-0.020237004518371404
1.7100000000000013;-0.00044521281482489495;-0.016777835128400042
1.7200000000000013;-0.0002785362636277808;-0.013443318877490338
1.7300000000000013;-0.00016032721060783555;-0.010360358338692022
1.7400000000000013;-8.213257290092694e-05;-0.007572842175387037
1.7500000000000013;-4.166436036568405e-05;-0.005153154338187263
1.7600000000000013;-2.9532098243684968e-05;-0.0031365251835752278
1.7700000000000014;-2.941737909651353e-05;-0.0014820454407305226
1.7800000000000014;-2.797302783590465e-05;-0.00023010027241396555
1.7900000000000014;-2.031217648996249e-05;0.0005315686584419254
1.8000000000000014;-1.27158381673026e-05;0.0007854174339442762
1.8100000000000014;-8.170483631903285e-06;0.000650094204768095
1.8200000000000014;-3.2523081742332085e-06;0.0002972143539457125
1.8300000000000014;1.4022593798621466e-06;-0.00020984504860768969
1.8400000000000014;1.5832380295511683e-06;-0.0008726100095209252
1.8500000000000014;-5.140087530488858e-06;-0.001716924904880122
1.8600000000000014;-1.2952024992660193e-05;-0.002742119353250415
1.8700000000000014;-2.0501178310566127e-05;-0.0039855973405797575
1.8800000000000014;-3.8611739328179515e-05;-0.005458739659556104
1.8900000000000015;-7.183623496567186e-05;-0.007084696970102272
1.9000000000000015;-0.00012188725152228986;-0.0089604974640386
1.9100000000000015;-0.00019133943214078193;-0.011273356875562163
1.9200000000000015;-0.0002934091545396561;-0.014063716674790816
1.9300000000000015;-0.00044704801744651127;-0.01728578158706091
1.9400000000000015;-0.0006599190799995835;-0.020855425130777466
1.9500000000000015;-0.000939564220999129;-0.02468906514243069
1.9600000000000015;-0.0013013324932501392;-0.02873666434709766
1.9700000000000015;-0.0017524536081621543;-0.03294365930630419
1.9800000000000015;-0.002281926413399056;-0.03728291501611466
1.9900000000000015;-0.0028750212413266277;-0.041718448445430274
2.0000000000000013;-0.0035160954571624116;-0.04610895261630312
2.010000000000001;-0.004186248427304118;-0.050319036678942275
2.020000000000001;-0.00488089040819186;-0.05439721153884246
2.0300000000000007;-0.0056151987268973575;-0.058475135196688025
2.0400000000000005;-0.006403475689310369;-0.06259801429900912
2.0500000000000003;-0.007260465623815822;-0.06677452278714378
2.06;-0.008204717036040147;-0.07103446855975494
2.07;-0.009238870596230398;-0.07534521649428184
2.0799999999999996;-0.010370094317707789;-0.07965449160633203
2.0899999999999994;-0.01161469111332398;-0.08400666130118306
2.099999999999999;-0.012968100227576981;-0.08844449961855713
2.109999999999999;-0.014414577216297509;-0.09290698568189393
2.1199999999999988;-0.01591267988162375;-0.09723805124534825
2.1299999999999986;-0.017390261952898174;-0.10127850166265223
2.1399999999999983;-0.018801500346188067;-0.10499444353771194
2.149999999999998;-0.020125933769099078;-0.10840208463901477
2.159999999999998;-0.021328916985406298;-0.1114734235374844
2.1699999999999977;-0.02240058890846075;-0.11425544624121449
2.1799999999999975;-0.023354708105741445;-0.11678752637299361
2.1899999999999973;-0.024178022573311406;-0.11897569425187877
2.199999999999997;-0.024880791649920166;-0.12080495707967924
2.209999999999997;-0.025505907716174756;-0.12238846552995915
2.2199999999999966;-0.02609304433606348;-0.12383547609953159
2.2299999999999964;-0.026675528174255076;-0.1251855191516579
2.239999999999996;-0.027250030792717362;-0.12640754442461205
2.249999999999996;-0.027780915330323865;-0.12746351570144562
2.259999999999996;-0.028231136816620917;-0.12826719605328796
2.2699999999999956;-0.028578285184444243;-0.12874599311493534
2.2799999999999954;-0.028787599174555534;-0.12891613964000764
2.289999999999995;-0.028825883256420628;-0.12881362667361082
2.299999999999995;-0.028679618583182707;-0.1284153179809425
2.3099999999999947;-0.028310702175494935;-0.12760513284957012
2.3199999999999945;-0.02769071547337521;-0.12632531176810347
2.3299999999999943;-0.026844612389224864;-0.12462717196134133
2.339999999999994;-0.025813856924897845;-0.12253437055755918
2.349999999999994;-0.02466881367676643;-0.12012771642341769
2.3599999999999937;-0.023481714730891782;-0.11756031594684334
2.3699999999999934;-0.022270053907440433;-0.11485362460413294
2.3799999999999932;-0.02105007935736949;-0.11194963667674766
2.389999999999993;-0.01985604356525784;-0.10886365125295695
2.399999999999993;-0.018697838728484267;-0.1056715627925628
2.4099999999999926;-0.0175687895630513;-0.10242548361925444
2.4199999999999924;-0.016476278800381335;-0.09913205745885452
2.429999999999992;-0.015400021331965004;-0.09574068517512961
2.439999999999992;-0.01430387338562189;-0.09218446398935148
2.4499999999999917;-0.013161839581268426;-0.08836891750384926
2.4599999999999915;-0.011957720802743082;-0.08421556627866146
2.4699999999999913;-0.01072284300209276;-0.0798188026975514
2.479999999999991;-0.009492963493428925;-0.07529685301779644
2.489999999999991;-0.008285529154087704;-0.07065468870513102
2.4999999999999907;-0.007123680554431504;-0.06586112255523605
2.5099999999999905;-0.006042576399124709;-0.06097735202061866
2.5199999999999902;-0.0050684899124275856;-0.05611313457050841
2.52999999999999;-0.004209366928215542;-0.05133752316600206
2.53999999999999;-0.0034759997424458613;-0.04679141257902454
2.5499999999999896;-0.0028623822866546667;-0.042581253100308594
2.5599999999999894;-0.0023487525281427574;-0.03864840473964642
2.569999999999989;-0.0019188670993443811;-0.03488881496191894
2.579999999999989;-0.0015533216443875883;-0.031240505059293728
2.5899999999999888;-0.001236727015353163;-0.02773513837663986
2.5999999999999885;-0.0009660859061655967;-0.024425643136729562
2.6099999999999883;-0.0007355950625367197;-0.021237822060485047
2.619999999999988;-0.0005348603721658697;-0.018099832652874293
2.629999999999988;-0.0003621164387164653;-0.0150234414222661
2.6399999999999877;-0.00021981035824328754;-0.0119764087990978
2.6499999999999875;-0.00011810210787644962;-0.009010476995975137
2.6599999999999873;-5.938048831579851e-05;-0.0063153229237125404
2.669999999999987;-2.9713015813666804e-05;-0.004029395856584178
2.679999999999987;-1.9941565592244335e-05;-0.0021501970503979887
2.6899999999999866;-2.5487268083755514e-05;-0.0006295968814060293
2.6999999999999864;-3.470580364654244e-05;0.0004958740215543756
2.709999999999986;-3.44476574363189e-05;0.0011666398125871288
2.719999999999986;-2.328304940255992e-05;0.0013599448812332523
2.7299999999999858;-1.1837212371869445e-05;0.0011046634277723138
2.7399999999999856;-5.618951255618544e-06;0.0004774281280787635
2.7499999999999853;-2.1856709139648865e-06;-0.0004173547975672256
2.759999999999985;-1.3527673251304962e-06;-0.00143428698107639
2.769999999999985;-6.774509946319663e-06;-0.002525227199119081
2.7799999999999847;-2.231494276044593e-05;-0.0038025625847337885
2.7899999999999845;-4.471486093017432e-05;-0.00533243740855901
2.7999999999999843;-7.186217653421323e-05;-0.007039994554030496
2.809999999999984;-0.00011205456216348373;-0.008910790470346474
2.819999999999984;-0.000176389906516425;-0.011015167099666288
2.8299999999999836;-0.00026824875942373295;-0.013391222912664442
2.8399999999999834;-0.00039285293683323643;-0.016135268357633327
2.849999999999983;-0.0005636120606580241;-0.019328617789897858
2.859999999999983;-0.0008003273348149112;-0.02296341939112565
2.869999999999983;-0.0011196620487151007;-0.02694530508297588
2.8799999999999826;-0.0015207127518474576;-0.03110280143976947
2.8899999999999824;-0.0020050468804893684;-0.03538474607797211
2.899999999999982;-0.002583389116844088;-0.03983302952365648
2.909999999999982;-0.0032503100049793656;-0.04438567648876254
2.9199999999999817;-0.003973309696161112;-0.048922293535346904
2.9299999999999815;-0.004726477136344376;-0.053364890489238336
2.9399999999999813;-0.00550783142897696;-0.057675999173404636
2.949999999999981;-0.006314447675263089;-0.06182158598480283
2.959999999999981;-0.007147957515822453;-0.06586257129875671
2.9699999999999807;-0.008032293162825605;-0.06996242147984949
2.9799999999999804;-0.008988842480779021;-0.0741536192984685
2.9899999999999802;-0.010035792679951494;-0.07837157686695
2.99999999999998;-0.011172110209027423;-0.08257718055707337
3.00999999999998;-0.012387943628026827;-0.08677217827901501
3.0199999999999796;-0.01370569949335982;-0.09099781395360404
3.0299999999999794;-0.01513087581771026;-0.09523457136996485
3.039999999999979;-0.016617793520996245;-0.09940730292420617
3.049999999999979;-0.018116151643203023;-0.10344253476206852
3.0599999999999787;-0.019577060914519346;-0.1072008981468114
3.0699999999999785;-0.020936114064458635;-0.11054193867334113
3.0799999999999783;-0.022162446710153508;-0.11351015109536015
3.089999999999978;-0.023247383056024338;-0.116196104012429
3.099999999999978;-0.024184194068667647;-0.11858122380444393
3.1099999999999777;-0.024983617902305903;-0.12064441289102967
3.1199999999999775;-0.025651294206726037;-0.12239348697722226
3.1299999999999772;-0.026188941375695905;-0.12383174095644159
3.139999999999977;-0.026636895031167156;-0.12498971327335952
3.149999999999977;-0.027051633589801217;-0.1259636384765762
3.1599999999999766;-0.027452621671277874;-0.12685880300052724
3.1699999999999764;-0.02783156951787102;-0.1276628701280486
3.179999999999976;-0.028164178483367247;-0.12825939714164067
3.189999999999976;-0.028407564076794133;-0.1285671588836728
3.1999999999999758;-0.028528065916068244;-0.1285741503506314
3.2099999999999755;-0.02850221665065131;-0.128280212202803
3.2199999999999753;-0.028296380564091787;-0.12765551720664303
3.229999999999975;-0.02789690651176784;-0.1267051453314755
3.239999999999975;-0.027297751325279576;-0.12542580680243698
3.2499999999999747;-0.026464248596776447;-0.12369224876961529
3.2599999999999745;-0.025408893234534588;-0.12146915900813537
3.2699999999999743;-0.02421115192331308;-0.11890220312171458
3.279999999999974;-0.02293081789308769;-0.11609393740262805
3.289999999999974;-0.021621823158951524;-0.11310515807148677
3.2999999999999736;-0.020325875301911187;-0.10998613499021749
3.3099999999999734;-0.019049973412223906;-0.10674146725956665
3.319999999999973;-0.017813482552493955;-0.1033770586877421
3.329999999999973;-0.016627803184916076;-0.09988420332304121
3.3399999999999728;-0.015486530375683906;-0.0963253033943089
3.3499999999999726;-0.014383328666812628;-0.0927760164446059
3.3599999999999723;-0.013309113788215563;-0.08917485746753875
3.369999999999972;-0.012229694403910234;-0.0853779300781471
3.379999999999972;-0.011113483562481825;-0.08131024633819102
3.3899999999999717;-0.009962329782826025;-0.07700444517437628
3.3999999999999715;-0.008795063406419112;-0.07247425409656465
3.4099999999999713;-0.007651363054125238;-0.06777976024797053
3.419999999999971;-0.006559997442090751;-0.06303380826043298
3.429999999999971;-0.005530947610259718;-0.058257125151507015
3.4399999999999706;-0.0045890053451966934;-0.053416318773046235
3.4499999999999704;-0.003765784445503775;-0.04859122932242358
3.45999999999997;-0.0030653524002842727;-0.04395607325011852
3.46999999999997;-0.0024700723113707684;-0.0396232538327387
3.47999999999997;-0.001979279874383354;-0.03562994495147249
3.4899999999999696;-0.001587672426908865;-0.03191749570414394
3.4999999999999694;-0.0012679879062885;-0.028421138995860483
3.509999999999969;-0.0009965036884295297;-0.02510327304090985
3.519999999999969;-0.0007622314691928778;-0.02189233939924732
3.5299999999999687;-0.0005711410902402388;-0.01883060747630958
3.5399999999999685;-0.000419096156220521;-0.01597961928904563
3.5499999999999683;-0.00028495595457226556;-0.013232754817628548
3.559999999999968;-0.0001681775158075933;-0.010492031335834871
3.569999999999968;-8.628818436285803e-05;-0.007810795414353439
3.5799999999999677;-4.156890345286382e-05;-0.0053116907665329465
3.5899999999999674;-2.1443154107220465e-05;-0.0031100316689032896
3.5999999999999672;-1.4966102951654323e-05;-0.001292084417474837
3.609999999999967;-2.2117578680759786e-05;7.963244445750986e-05
3.619999999999967;-3.750935299876087e-05;0.0010129558411713672
3.6299999999999666;-4.435413131842049e-05;0.0015570587371041072
3.6399999999999664;-3.464353951946897e-05;0.001694867878721622
3.649999999999966;-1.772977923885183e-05;0.0013645338902196964
3.659999999999966;-7.332507319271087e-06;0.0005425599320709657
3.6699999999999657;-6.127392627632996e-06;-0.0006260288792187568
3.6799999999999655;-5.721949360532679e-06;-0.0019621237280110877
3.6899999999999653;-1.2514763512952399e-05;-0.003439629926070549
3.699999999999965;-3.713085441323484e-05;-0.00504042512271581
3.709999999999965;-7.491039593805087e-05;-0.006752156548985973
3.7199999999999647;-0.00011862129569658843;-0.00866386789797543
3.7299999999999645;-0.00017229929194321935;-0.01081896021435015
3.7399999999999642;-0.0002537379889936436;-0.013164217314326047
3.749999999999964;-0.000370167261105872;-0.015686188242426593
3.759999999999964;-0.0005178432420772075;-0.018459441420005752
3.7699999999999636;-0.0007090368660937421;-0.02162320611837463
3.7799999999999634;-0.0009719111412934046;-0.02523975031568569
3.789999999999963;-0.0013233164885952553;-0.02922602806534257
3.799999999999963;-0.0017607182971284892;-0.03348251635915665
3.8099999999999627;-0.002287999462955898;-0.03793614179318072
3.8199999999999625;-0.002916538548818716;-0.0424781672354367
3.8299999999999623;-0.0036380608964910123;-0.04704860874399098
3.839999999999962;-0.004433014934597956;-0.0516795889266532
3.849999999999962;-0.005278228695385271;-0.05632074798574516
3.8599999999999617;-0.006150481987654453;-0.06081948619014478
3.8699999999999615;-0.007038299959525057;-0.065090133711654
3.8799999999999613;-0.007939035704932927;-0.06920420816356364
3.889999999999961;-0.008859308056182937;-0.07324551547672688
3.899999999999961;-0.009829653339651398;-0.0772744641871892
3.9099999999999606;-0.010878721971763162;-0.08135345396218127
3.9199999999999604;-0.012004126135394854;-0.08546443927049155
3.92999999999996;-0.013211446050243313;-0.08956978394911116
3.93999999999996;-0.014500828417031248;-0.09360669533670837
3.9499999999999598;-0.01586596000056889;-0.09757160142816511
3.9599999999999596;-0.017314449380225028;-0.10155280278724389
3.9699999999999593;-0.018808357930555807;-0.1054664044800708
3.979999999999959;-0.02027720807771941;-0.10913602267481415
3.989999999999959;-0.02166904641287026;-0.11248464896011903
3.9999999999999587;-0.02293634295096536;-0.11546179599374364
4.009999999999959;-0.024035676943484928;-0.11803120662245656
4.019999999999959;-0.024959208338410744;-0.12022986230222757
4.0299999999999585;-0.02572826873113938;-0.1221486568751016
4.039999999999958;-0.02635059229411262;-0.12379580760602117
4.049999999999958;-0.026832710571609516;-0.12510577049874713
4.059999999999958;-0.027186772142298823;-0.1260704676730265
4.069999999999958;-0.02744367261457875;-0.12677929199245552
4.079999999999957;-0.027663723281623115;-0.12733363074125847
4.089999999999957;-0.02787325998298024;-0.12776823493962017
4.099999999999957;-0.028049720751900497;-0.12807536833157565
4.109999999999957;-0.028168141724364184;-0.12821810230363231
4.119999999999957;-0.028203865701941562;-0.12809903311260695
4.129999999999956;-0.02810241071775241;-0.12760896077873582
4.139999999999956;-0.02783522461482802;-0.12678314822104192
4.149999999999956;-0.027398751963353802;-0.12569116100913047
4.159999999999956;-0.02677257998067318;-0.12426692383607668
4.1699999999999555;-0.025950711048143435;-0.12245222839116594
4.179999999999955;-0.024928575632343;-0.12024093713872286
4.189999999999955;-0.023710467901208298;-0.11760475714578847
4.199999999999955;-0.022368681182015206;-0.11459168282788147
4.209999999999955;-0.02098988808284041;-0.11134003734161305
4.2199999999999545;-0.019608412448161302;-0.10797155803197701
4.229999999999954;-0.018254942608148323;-0.10453688248057093
4.239999999999954;-0.016956565803696595;-0.10098913858218214
4.249999999999954;-0.01571738594245307;-0.09731479194670306
4.259999999999954;-0.014537620821838258;-0.09358853542094997
4.269999999999953;-0.01340836351417152;-0.08983234183409708
4.279999999999953;-0.012324597480744694;-0.08603915111558078
4.289999999999953;-0.011281886426365703;-0.08220563253707566
4.299999999999953;-0.010248941571573546;-0.0782627776001913
4.3099999999999525;-0.009187195432456519;-0.0740723346478457
4.319999999999952;-0.00810161199126075;-0.06958325183897983
4.329999999999952;-0.007035470248492432;-0.06493536740560245
4.339999999999952;-0.006008927492668368;-0.06022220061341681
4.349999999999952;-0.005035978766935439;-0.055454683064090945
4.3599999999999515;-0.004148461554880517;-0.05068315593093699
4.369999999999951;-0.0033653356968411817;-0.04594309819935582
4.379999999999951;-0.002694103515139771;-0.04130618149988841
4.389999999999951;-0.0021318560400862834;-0.03687207153055494
4.399999999999951;-0.0016697419939314096;-0.03274489707254384
4.40999999999995;-0.001301178760101318;-0.02902411013314329
4.41999999999995;-0.0010147026247638137;-0.02565899752995602
4.42999999999995;-0.000784349015661883;-0.02247786171596833
4.43999999999995;-0.0005915580365693188;-0.01943408167478238
4.4499999999999496;-0.00043481219555237114;-0.0165870817057743
4.459999999999949;-0.0003102466084814087;-0.013914338241552075
4.469999999999949;-0.00021141360535159793;-0.011380723098289696
4.479999999999949;-0.0001294841844097577;-0.008984521927918761
4.489999999999949;-6.360248853868235e-05;-0.0066857117349530155
4.4999999999999485;-2.374690814019669e-05;-0.004461561006672467
4.509999999999948;-1.1607935684888134e-05;-0.002396777604875987
4.519999999999948;-1.5026255069251817e-05;-0.0006689251419731909
4.529999999999948;-2.3171767155969127e-05;0.0005913242537486236
4.539999999999948;-3.398317610769021e-05;0.001394434432300341
4.549999999999947;-4.52902306107246e-05;0.0017946259527795317
4.559999999999947;-4.424516189603658e-05;0.0017897745857410954
4.569999999999947;-2.7336614278089397e-05;0.001328424129169262
4.579999999999947;-9.942690627062246e-06;0.00042939297757888634
4.589999999999947;-4.17908439310359e-06;-0.0008570343964266793
4.599999999999946;-1.1044962956991718e-05;-0.0025194151446945906
4.609999999999946;-2.789921560753117e-05;-0.0043911989763795
4.619999999999946;-5.8030154491826645e-05;-0.006305117036929958
4.629999999999946;-0.00010852524587114595;-0.00829508319986009
4.6399999999999455;-0.0001761165687051735;-0.010441364152943859
4.649999999999945;-0.00025697756210752516;-0.012793063295046547
4.659999999999945;-0.0003586916063376984;-0.01533923051028817
4.669999999999945;-0.0004932136687988347;-0.018057946167467528
4.679999999999945;-0.0006710336108556213;-0.020990112586585098
4.689999999999944;-0.0008968624778934006;-0.02419213400953628
4.699999999999944;-0.0011825250500955855;-0.027706595112267828
4.709999999999944;-0.0015515658753782425;-0.03161969827204851
4.719999999999944;-0.0020250829675056963;-0.03593862369712409
4.729999999999944;-0.002604868500587643;-0.04049592202246737
4.739999999999943;-0.0032776881644236283;-0.04512008332720476
4.749999999999943;-0.004044955973792832;-0.049783263024126743
4.759999999999943;-0.004908268331447892;-0.05449909194289219
4.769999999999943;-0.00583549763761619;-0.05918491279779587
4.7799999999999425;-0.006796774221949968;-0.0637858156845455
4.789999999999942;-0.00777199015804756;-0.06825189677644258
4.799999999999942;-0.008750670340426939;-0.07250769215396966
4.809999999999942;-0.009737046249350585;-0.07654778511214325
4.819999999999942;-0.010731866523162823;-0.08045498500973187
4.8299999999999415;-0.011763937547190803;-0.08436175379001212
4.839999999999941;-0.012877275602653964;-0.08833239612456895
4.849999999999941;-0.01407354109772629;-0.09229344960409917
4.859999999999941;-0.015325912809108893;-0.09616715453813486
4.869999999999941;-0.016643166676242296;-0.09998921847091434
4.87999999999994;-0.018034128455027793;-0.10374037020204985
4.88999999999994;-0.019472798255575567;-0.10737375323795845
4.89999999999994;-0.020922884465599298;-0.11090157953412473
4.90999999999994;-0.022323420529223707;-0.11422504546339078
4.9199999999999395;-0.023612327886825164;-0.11718258385909627
4.929999999999939;-0.02474425881941351;-0.11969731099706461
4.939999999999939;-0.02567929032156525;-0.12180026825283863
4.949999999999939;-0.026414658770953246;-0.12356627019623057
4.959999999999939;-0.026984092912325314;-0.12501316089262068
4.9699999999999385;-0.027410867059870798;-0.12615906679122543
4.979999999999938;-0.027687946895509248;-0.12700999658368398
4.989999999999938;-0.027834078859684076;-0.12754965937539745
4.999999999999938;-0.027898823339111888;-0.1278065264740421
5.009999999999938;-0.027916930164169552;-0.12786419308789554
5.019999999999937;-0.027918636475110347;-0.12784420707649144
5.029999999999937;-0.02789332129071738;-0.12772751403076807
5.039999999999937;-0.027801313212779115;-0.12738168911830758
5.049999999999937;-0.02762164607915187;-0.12676644608229362
5.0599999999999365;-0.027312181322854696;-0.1258463862396706
5.069999999999936;-0.026821630108967588;-0.12455322629680632
5.079999999999936;-0.02615696898093966;-0.12292398536090637
5.089999999999936;-0.025333309488603004;-0.12101392409894168
5.099999999999936;-0.024325930010854424;-0.11876576558191174
5.1099999999999355;-0.02313337886586183;-0.11609622578915642
5.119999999999935;-0.021789946402542993;-0.11300310788543921
5.129999999999935;-0.020355314371340263;-0.10958888677781001
5.139999999999935;-0.01890728577139611;-0.10598857524490157
5.149999999999935;-0.01749023040370912;-0.10227265126319937
5.159999999999934;-0.016123616466472486;-0.09849870105362996
5.169999999999934;-0.014834252362122853;-0.09470911384917852
5.179999999999934;-0.01362397536033683;-0.09085197015181518
5.189999999999934;-0.012476223824671905;-0.08689364423889956
5.199999999999934;-0.011386753659907005;-0.08292031978034117
5.209999999999933;-0.010356099146822065;-0.07899872163661925
5.219999999999933;-0.009367703453370126;-0.07503989562756098
5.229999999999933;-0.008394050589712411;-0.07092452397341235
5.239999999999933;-0.007415504039155391;-0.06662180520629539
5.2499999999999325;-0.0064283346504703685;-0.062107416416904204
5.259999999999932;-0.005466790811710215;-0.05740908120429743
5.269999999999932;-0.004568803093855089;-0.052658147438648696
5.279999999999932;-0.0037401439319391626;-0.047945558121409076
5.289999999999932;-0.0029952489701895054;-0.04330768760971497
5.299999999999931;-0.0023599433726889684;-0.038742918327150364
5.309999999999931;-0.0018369228332832904;-0.03428432997993686
5.319999999999931;-0.0014106698786748538;-0.0301117869970158
5.329999999999931;-0.0010648882236740955;-0.026336492555492187
5.339999999999931;-0.0007966936636902887;-0.02292501294187037
5.34999999999993;-0.0006010944480956428;-0.019860308798112798
5.35999999999993;-0.00045091913134745086;-0.017072802642038285
5.36999999999993;-0.00032130071052896726;-0.014438479038154952
5.37999999999993;-0.00021750646643079583;-0.011926932599862605
5.3899999999999295;-0.00014711663383356152;-0.00960553881418001
5.399999999999929;-9.566296561472011e-05;-0.007502460556712864
5.409999999999929;-4.7466997280735155e-05;-0.0055328181291924225
5.419999999999929;-1.1016797381617897e-05;-0.0036405478697649173
5.429999999999929;-1.7875798908843508e-06;-0.0018649990878322853
5.4399999999999284;-1.2673606399597024e-05;-0.0003192231976050172
5.449999999999928;-2.3897798307640125e-05;0.0008666982885723115
5.459999999999928;-3.0584411967197684e-05;0.001623265843616295
5.469999999999928;-3.9954946843588015e-05;0.0018858691888074283
5.479999999999928;-4.602062169195526e-05;0.0016701294748829346
5.489999999999927;-3.6927540148414556e-05;0.0010803267085629682
5.499999999999927;-1.493643252480946e-05;0.00011862055708026241
5.509999999999927;-2.413378551714898e-06;-0.0013105050738788347
5.519999999999927;-1.532731133489752e-05;-0.003161819655127579
5.5299999999999265;-4.5404759612460065e-05;-0.005278168722248683
5.539999999999926;-8.719171410605612e-05;-0.007564700589639437
5.549999999999926;-0.00015058512348386556;-0.00992786471977701
5.559999999999926;-0.00024508772902893683;-0.012347315581603164
5.569999999999926;-0.0003607412803061588;-0.014873651465235258
5.5799999999999255;-0.000488507291457974;-0.01756590900933762
5.589999999999925;-0.0006469940097160126;-0.020496926357824255
5.599999999999925;-0.0008582529808105057;-0.023624813735393033
5.609999999999925;-0.0011210069343072075;-0.02689769776623186
5.619999999999925;-0.0014345333875254032;-0.030403568670185017
5.629999999999924;-0.001825313562355958;-0.034268636415255536
5.639999999999924;-0.0023269575254453063;-0.038503017769196755
5.649999999999924;-0.002942906810803181;-0.04302298648762246
5.659999999999924;-0.003663455164324178;-0.04775443479445251
5.6699999999999235;-0.0044844798104131415;-0.0525697766802195
5.679999999999923;-0.005401599734834191;-0.057328308339890575
5.689999999999923;-0.006400421562143614;-0.06202795469292776
5.699999999999923;-0.007444531720562847;-0.06669732302441468
5.709999999999923;-0.008503360415754233;-0.0712686808655594
5.7199999999999225;-0.009572990127116906;-0.07564926175942337
5.729999999999922;-0.010632771322414039;-0.07976885741749817
5.739999999999922;-0.011670140280786905;-0.08367047385800659
5.749999999999922;-0.012717224073768399;-0.0874659692453074
5.759999999999922;-0.013802810396851516;-0.09119718272671072
5.769999999999921;-0.014954087463902841;-0.09493016904978631
5.779999999999921;-0.016178891004667118;-0.09869575334377434
5.789999999999921;-0.017455793545670124;-0.10237811371110685
5.799999999999921;-0.018774950237040487;-0.10589552823787958
5.809999999999921;-0.02014370383992619;-0.10930160936163805
5.81999999999992;-0.02153940710829526;-0.11262037702191012
5.82999999999992;-0.02290495763054963;-0.11576328923615183
5.83999999999992;-0.02419240613403143;-0.1186315532599868
5.84999999999992;-0.025345227723694946;-0.12114513647610149
5.8599999999999195;-0.026303933656655447;-0.12323523358286517
5.869999999999919;-0.02704207656652858;-0.12487066471640297
5.879999999999919;-0.027566851784271127;-0.12611415426282271
5.889999999999919;-0.02791416329371035;-0.12707255792579777
5.899999999999919;-0.028121579177997312;-0.12776847726873425
5.909999999999918;-0.028188938224804654;-0.12814561719450834
5.919999999999918;-0.028120317714645852;-0.12818999327536318
5.929999999999918;-0.02797642824031749;-0.12799936353058353
5.939999999999918;-0.027802246095364788;-0.12764158788419144
5.949999999999918;-0.02759579145175793;-0.12712549485186386
5.959999999999917;-0.027359981428247703;-0.12651207245386453
5.969999999999917;-0.027076117753699922;-0.12575786442733908
5.979999999999917;-0.026691548429391438;-0.12469429885701291
5.989999999999917;-0.02617393647157815;-0.12327283959089916
5.9999999999999165;-0.02548799374749059;-0.12151292839889477
6.009999999999916;-0.024627247053970076;-0.11944078285068851
6.019999999999916;-0.02362165867117214;-0.11706131286769789
6.029999999999916;-0.02246417504466211;-0.11433263668307132
6.039999999999916;-0.021145615433402532;-0.11124549010226613
6.0499999999999154;-0.019707361660503426;-0.10778720763967292
6.059999999999915;-0.018222860771512778;-0.10399947675019329
6.069999999999915;-0.01675024200980781;-0.100026035890541
6.079999999999915;-0.015330609573558952;-0.0960289409631024
6.089999999999915;-0.013988703204191452;-0.09204279819741176
6.099999999999914;-0.012737798433300923;-0.08801261208673104
6.109999999999914;-0.011584071195114929;-0.0839531438044546
6.119999999999914;-0.010501490867013666;-0.07988976369757393
6.129999999999914;-0.00947165780986645;-0.07580074182215475
6.1399999999999135;-0.00850756279261282;-0.07171593616854416
6.149999999999913;-0.007603774637496078;-0.06765980849287725
6.159999999999913;-0.006715915883272615;-0.06351589110901958
6.169999999999913;-0.005822042470583552;-0.05916121755992238
6.179999999999913;-0.00494830313248755;-0.05460050909362249
6.1899999999999125;-0.004119436019402208;-0.049927069492633355
6.199999999999912;-0.0033526145786959985;-0.04526595446980998
6.209999999999912;-0.0026613711293158667;-0.04067405004659826
6.219999999999912;-0.0020625969480148115;-0.03616914723678502
6.229999999999912;-0.0015750198038140197;-0.03183908322064569
6.239999999999911;-0.001185582325183522;-0.027715957102980474
6.249999999999911;-0.0008705849341158397;-0.02383964383009464
6.259999999999911;-0.0006270986341656202;-0.020368719004578744
6.269999999999911;-0.0004512293845240994;-0.017369932207377044
6.2799999999999105;-0.0003263442510747547;-0.014726637096277747
6.28999999999991;-0.00022959242060289033;-0.01230110661372174
6.29999999999991;-0.00015062721489320622;-0.010050977955606433
6.30999999999991;-9.429747568903025e-05;-0.007980739979734808
6.31999999999991;-5.9887249549434805e-05;-0.0060857442738544865
6.3299999999999095;-3.380362326772961e-05;-0.004366286620171851
6.339999999999909;-9.68418170312607e-06;-0.002823219738059298
6.349999999999909;3.447425926870675e-06;-0.0014220500118765566
6.359999999999909;-2.8124546438733584e-06;-0.0001534886477561593
6.369999999999909;-1.938099377701617e-05;0.0009142234320127003
6.379999999999908;-3.0121571697414772e-05;0.0015938035700182236
6.389999999999908;-3.4207127832366796e-05;0.0017427163013418404
6.399999999999908;-3.8567378082590645e-05;0.0014356073732330566
6.409999999999908;-3.776827279955844e-05;0.0007079582404349306
6.419999999999908;-2.379587997682611e-05;-0.0004568260934993903
6.429999999999907;-9.51536647815787e-06;-0.0020067354081761283
6.439999999999907;-1.89469281141375e-05;-0.003928624830483729
6.449999999999907;-5.868621225838216e-05;-0.006222605131472905
6.459999999999907;-0.00012193334215573907;-0.008814134971336759
6.4699999999999065;-0.0002090038370858407;-0.011547520103464461
6.479999999999906;-0.0003262475428352683;-0.014294534614218174
6.489999999999906;-0.00047350444917613457;-0.017054966659566115
6.499999999999906;-0.000644171967952598;-0.019944725858348455
6.509999999999906;-0.0008413101391331806;-0.02302270421021321
6.519999999999905;-0.0010795601958745354;-0.02625805830732702
6.529999999999905;-0.0013741182195616361;-0.029676048961703165
6.539999999999905;-0.0017319599462719576;-0.03330455326716452
6.549999999999905;-0.0021581097188237823;-0.03713537477003386
6.559999999999905;-0.002674378449393124;-0.04121974457765117
6.569999999999904;-0.0033113376309537;-0.045659321331856954
6.579999999999904;-0.004075872364300093;-0.05041107274822265
6.589999999999904;-0.004949332969413152;-0.05527592619264797
6.599999999999904;-0.005920186731271697;-0.06012456794001326
6.6099999999999035;-0.006974619711827485;-0.06490886562062843
6.619999999999903;-0.008091777264074833;-0.0696005775031314
6.629999999999903;-0.009242718713171883;-0.07418649950335454
6.639999999999903;-0.010387055137135625;-0.07860806991010279
6.649999999999903;-0.011515992305983998;-0.08283700708761782
6.659999999999902;-0.012632646216285888;-0.08684074961905276
6.669999999999902;-0.013714380510821375;-0.09055594308289579
6.679999999999902;-0.014778900888643205;-0.09409691632254338
6.689999999999902;-0.015883841805556496;-0.0976306249513634
6.699999999999902;-0.017054211901877756;-0.10116196346845945
6.709999999999901;-0.018278791916311037;-0.10463263216545611
6.719999999999901;-0.01953943957002567;-0.10800598725649882
6.729999999999901;-0.020829428554440553;-0.11124687149270202
6.739999999999901;-0.0221408711409209;-0.11431077948386825
6.7499999999999005;-0.023448075607711043;-0.11719521610123858
6.7599999999999;-0.024695073149602207;-0.11990456379071224
6.7699999999999;-0.02582863896736972;-0.12235273572560638
6.7799999999999;-0.026808516610142042;-0.12440642769791112
6.7899999999999;-0.0275708158787098;-0.12599086853346594
6.7999999999998995;-0.028078946146341464;-0.12713458737718283
6.809999999999899;-0.02837130718369249;-0.12791345845498026
6.819999999999899;-0.028493616357947768;-0.12836738897088293
6.829999999999899;-0.02846517897689592;-0.1285320456339139
6.839999999999899;-0.028307863463306705;-0.12845032750374666
6.849999999999898;-0.028034970278536905;-0.12807254443761043
6.859999999999898;-0.027685151106589784;-0.1273925687998857
6.869999999999898;-0.02731245375924413;-0.12655221357159274
6.879999999999898;-0.026916021971715474;-0.12562293102057345
6.8899999999998975;-0.02647970710932193;-0.12455959855773235
6.899999999999897;-0.026003112732256046;-0.1233150437859905
6.909999999999897;-0.025444777861284063;-0.12181846551815205
6.919999999999897;-0.024738559763084037;-0.11997759813664315
6.929999999999897;-0.023869971238919575;-0.11776274233985863
6.9399999999998965;-0.022851771431367;-0.11521070456565083
6.949999999999896;-0.021700048602401396;-0.1123903021419731
6.959999999999896;-0.020423695542585885;-0.10928075865783238
6.969999999999896;-0.019018254440061527;-0.10578600117977277
6.979999999999896;-0.017530686552608976;-0.10193760405752954
6.989999999999895;-0.016034291423025426;-0.09784852658872636
6.999999999999895;-0.014577107053921524;-0.09362236036862778
7.009999999999895;-0.01318868647340913;-0.08934701555924897
7.019999999999895;-0.011900981642161896;-0.08512976435941168
7.0299999999998946;-0.010728576340547054;-0.08099787224165204
7.039999999999894;-0.009647182243430929;-0.07682985588970156
7.049999999999894;-0.008641959267867956;-0.07262331093010686
7.059999999999894;-0.007705005871345286;-0.06846344558134833
7.069999999999894;-0.0068296832797533555;-0.06435501252217544
7.0799999999998935;-0.006011454161891147;-0.06025248368503084
7.089999999999893;-0.0052226675758886;-0.056062151243761627
7.099999999999893;-0.0044403234702199874;-0.0517237923031551
7.109999999999893;-0.0036845729805166927;-0.047244175318677174
7.119999999999893;-0.002985460458342595;-0.04265395702969183
7.129999999999892;-0.0023558440804365083;-0.0380758846502092
7.139999999999892;-0.0018050375636434882;-0.033673164076395055
7.149999999999892;-0.0013440154558685183;-0.029460713827038677
7.159999999999892;-0.0009821217817231795;-0.025394362991765285
7.169999999999892;-0.0007108249440251203;-0.02156725632314173
7.179999999999891;-0.0004989764208654617;-0.01810597104163956
7.189999999999891;-0.0003342304575194695;-0.015059081465302961
7.199999999999891;-0.0002243858663285387;-0.012436277914943138
7.209999999999891;-0.0001563220573486653;-0.010200746442735454
7.2199999999998905;-0.0001037706713263886;-0.0082451569046682
7.22999999999989;-5.6466980391503465e-05;-0.006443311936227282
7.23999999999989;-2.7876170971125284e-05;-0.004772735891914275
7.24999999999989;-1.990457805709767e-05;-0.0032957310134626785
7.25999999999989;-1.2231471213014302e-05;-0.0020509233435177486
7.269999999999889;1.5837132140441455e-06;-0.0009856830455387256
7.279999999999889;6.2359051251586405e-06;-2.6451767643641468e-05
7.289999999999889;-8.532638341970734e-06;0.0007565698599978822
7.299999999999889;-2.622787950406076e-05;0.0012450016245007102
7.309999999999889;-3.0473129998969215e-05;0.001379551679232358
7.319999999999888;-2.799905460551488e-05;0.0010370235539352388
7.329999999999888;-2.9858860366638367e-05;0.00014587666620103783
7.339999999999888;-3.082685098605963e-05;-0.00118457968639706
7.349999999999888;-2.5376870514782314e-05;-0.0028709724676570705
7.3599999999998875;-2.9381344480262846e-05;-0.0049137297612592236
7.369999999999887;-7.189078940202277e-05;-0.007336249505291728
7.379999999999887;-0.00015992764598742683;-0.010114177523697974
7.389999999999887;-0.00027698199616780177;-0.013106027284330826
7.399999999999887;-0.00041934627171442144;-0.016191328083745498
7.4099999999998865;-0.0006009666023566601;-0.019316802222754864
7.419999999999886;-0.0008227816430143429;-0.02244961770578438
7.429999999999886;-0.0010680521549400006;-0.025626670785828927
7.439999999999886;-0.0013389986077597489;-0.02896313192715815
7.449999999999886;-0.0016680965773040925;-0.03253318252336912
7.459999999999885;-0.002070720910954935;-0.03626057905730962
7.469999999999885;-0.002538176816958361;-0.04010601741896816
7.479999999999885;-0.003081754463809432;-0.044167956464767774
7.489999999999885;-0.003732333932934146;-0.048503575397840164
7.4999999999998845;-0.004520173285997862;-0.05310601120320383
7.509999999999884;-0.005438115026376362;-0.05793344413153
7.519999999999884;-0.006455211897343763;-0.06286400013529751
7.529999999999884;-0.0075633850702615715;-0.06775113835393086
7.539999999999884;-0.008751461020883151;-0.07248881692952397
7.5499999999998835;-0.009972609810927666;-0.0770480912119881
7.559999999999883;-0.011191304595500128;-0.08148250822406003
7.569999999999883;-0.012398955984534724;-0.08577234119514816
7.579999999999883;-0.013578544646414654;-0.08979645345635351
7.589999999999883;-0.014712788398684715;-0.09353597024977074
7.599999999999882;-0.015803569116564428;-0.09705515684561816
7.609999999999882;-0.01686980659413378;-0.10037915978966627
7.619999999999882;-0.01796416034067442;-0.10360559275765288
7.629999999999882;-0.01911746702708463;-0.1068325176374021
7.6399999999998816;-0.02030912485942015;-0.11003278185310165
7.649999999999881;-0.021520598338346148;-0.11309506304446247
7.659999999999881;-0.022744939465332334;-0.11594397830720955
7.669999999999881;-0.023966645673384177;-0.11861601559390485
7.679999999999881;-0.025141248642258557;-0.12110252304186982
7.6899999999998805;-0.026231471814202573;-0.12335163079435715
7.69999999999988;-0.02718685195632435;-0.12529648841579513
7.70999999999988;-0.027954899274361268;-0.12686638850737111
7.71999999999988;-0.028494389627313682;-0.12799828286028803
7.72999999999988;-0.028765429643139308;-0.12863343090372706
7.739999999999879;-0.02880498996777528;-0.12886212191187077
7.749999999999879;-0.028688561134782027;-0.1288341875492496
7.759999999999879;-0.028435562867652277;-0.12854227682821665
7.769999999999879;-0.028048211640967047;-0.12794228841429764
7.779999999999879;-0.027570734406953578;-0.1270876477430181
7.789999999999878;-0.027037002488968384;-0.12600385121714683
7.799999999999878;-0.026471509453623594;-0.12471721279134239
7.809999999999878;-0.025890807681864896;-0.12330346245642633
7.819999999999878;-0.02528227922771435;-0.12180052455517368
7.8299999999998775;-0.024632658050215035;-0.12015396908942369
7.839999999999877;-0.023908950618983613;-0.11822481059054372
7.849999999999877;-0.023048873096147705;-0.11592863572950543
7.859999999999877;-0.022029503210992393;-0.11329240109323965
7.869999999999877;-0.0208819922176665;-0.11035245600128091
7.879999999999876;-0.01962649428109419;-0.10710667567108215
7.889999999999876;-0.018264953040264553;-0.10356960873613295
7.899999999999876;-0.016816113532942354;-0.09975414873885989
7.909999999999876;-0.015322735621590465;-0.0956248348769616
7.919999999999876;-0.013847931292828361;-0.09122584885815763
7.929999999999875;-0.012442798727101861;-0.08674320600205719
7.939999999999875;-0.011124939906531465;-0.08232416473831265
7.949999999999875;-0.00991497787231888;-0.07797710225871157
7.959999999999875;-0.008833851840999003;-0.07369826124868692
7.9699999999998745;-0.007859801703405524;-0.06948026512190106
7.979999999999874;-0.00694887590494792;-0.06526980510749551
7.989999999999874;-0.006104126661496837;-0.061080305449460165
7.999999999999874;-0.005336407536133746;-0.05694255284869795
8.009999999999874;-0.0046234182325258985;-0.052851399564338854
8.019999999999873;-0.0039371989765633175;-0.04874446674996063
8.029999999999873;-0.0032655347549635258;-0.04447491900508399
8.039999999999873;-0.0026354806740065823;-0.040054084431237945
8.049999999999873;-0.002073283590595142;-0.03563126016157823
8.059999999999873;-0.00157380360494935;-0.03128800936194529
8.069999999999872;-0.0011458781477403789;-0.027097450456303324
8.079999999999872;-0.0008125062066249519;-0.02314726139315175
8.089999999999872;-0.0005703740211747967;-0.019472697349313825
8.099999999999872;-0.0003905793300275399;-0.01606119034408609
8.109999999999872;-0.0002521210106284554;-0.0129766790450815
8.119999999999871;-0.00015499709648290655;-0.010356042359237361
8.129999999999871;-9.844986674061681e-05;-0.008217789039085257
8.139999999999871;-6.488956647633457e-05;-0.006451348217270793
8.14999999999987;-3.5050051902051984e-05;-0.004923355958400693
8.15999999999987;-1.142727629930556e-05;-0.003562827816050572
8.16999999999987;-4.61199643805654e-06;-0.002382094329191639
8.17999999999987;-8.065549703925904e-06;-0.001373150843294161
8.18999999999987;-4.207550804462091e-06;-0.000541594533923229
8.19999999999987;4.633433980862245e-06;6.045776868578887e-05
8.20999999999987;1.893089582363442e-06;0.00046830255039242324
8.21999999999987;-1.3300566721499025e-05;0.0007433855752605273
8.229999999999869;-2.4339040707451277e-05;0.000757410312508127
8.239999999999869;-2.2604258645597462e-05;0.000323954714843652
8.249999999999869;-2.1583805463963342e-05;-0.0006059913058391992
8.259999999999868;-3.0165338782913046e-05;-0.0020218770703564503
8.269999999999868;-4.005830036452614e-05;-0.0038704277058332942
8.279999999999868;-5.4147795682336325e-05;-0.006096980289883127
8.289999999999868;-0.00010001005491215921;-0.008663898882760415
8.299999999999867;-0.00019845890172656705;-0.011523955052528444
8.309999999999867;-0.00034439576508674255;-0.014677461775669661
8.319999999999867;-0.0005270996369297189;-0.018073885682239773
8.329999999999867;-0.0007506526258110666;-0.021540211843046848
8.339999999999867;-0.001015896307130632;-0.02494759469274088
8.349999999999866;-0.0013151165369863886;-0.028341117371164598
8.359999999999866;-0.001643893877793827;-0.03183196772565405
8.369999999999866;-0.0020129867092129605;-0.03544612416056708
8.379999999999866;-0.0024466633568105537;-0.039205777328932837
8.389999999999866;-0.0029590357785443866;-0.04316019832278996
8.399999999999865;-0.0035459020611692716;-0.04726699775654017
8.409999999999865;-0.0042212007717102;-0.05150441302782757
8.419999999999865;-0.0050179489554397685;-0.05595165623378722
8.429999999999865;-0.0059487456175280895;-0.06065228868155586
8.439999999999864;-0.007009744417013213;-0.06555583359964438
8.449999999999864;-0.008174418284668642;-0.07048391555218332
8.459999999999864;-0.009407255720003688;-0.07527007008411223
8.469999999999864;-0.010693492479954774;-0.07990133421277126
8.479999999999864;-0.011996766054852283;-0.08434527578481166
8.489999999999863;-0.013268725559055432;-0.08855563870855859
8.499999999999863;-0.014500397699776587;-0.09257022764215903
8.509999999999863;-0.015693768716286825;-0.09637981690693267
8.519999999999863;-0.016828662150592463;-0.09989492226616191
8.529999999999863;-0.01789370642262488;-0.10309603084242319
8.539999999999862;-0.018929077186212995;-0.10611417654628025
8.549999999999862;-0.019984409058473436;-0.1090667485451671
8.559999999999862;-0.021083902649612702;-0.11197347050058337
8.569999999999862;-0.02221392964057702;-0.11479915538396807
8.579999999999862;-0.02334097169557049;-0.1174913282937582
8.589999999999861;-0.024462393761194048;-0.11999188950787125
8.599999999999861;-0.025557847768100175;-0.122239647681426
8.60999999999986;-0.02657286395331887;-0.12423885850281602
8.61999999999986;-0.027464668074150766;-0.1260088205633233
8.62999999999986;-0.028213812314796076;-0.1274975338149432
8.63999999999986;-0.028759441885056778;-0.12856330147491812
8.64999999999986;-0.02904254811625771;-0.1291475334143828
8.65999999999986;-0.0290665902380708;-0.12930909875902158
8.66999999999986;-0.02886239331420728;-0.1290593756214403
8.67999999999986;-0.028498911370993182;-0.12848027508022777
8.68999999999986;-0.02801970581266327;-0.1276832033413005
8.699999999999859;-0.027423801515023324;-0.1266507899897963
8.709999999999859;-0.026748294207608686;-0.1253455913241871
8.719999999999859;-0.026042146356336626;-0.12379339839529495
8.729999999999858;-0.02531270584281033;-0.12207584209579936
8.739999999999858;-0.024561173317542043;-0.12025978867146507
8.749999999999858;-0.023797620329121305;-0.11832677665306074
8.759999999999858;-0.023006926837516446;-0.11623167733211937
8.769999999999857;-0.02214311228218108;-0.11390977376931162
8.779999999999857;-0.02115412965548582;-0.1112473554172766
8.789999999999857;-0.020021347732441797;-0.10819430128522048
8.799999999999857;-0.01877910013300956;-0.10482686569962019
8.809999999999857;-0.017459056022402674;-0.1012370244254111
8.819999999999856;-0.016057202360660754;-0.09738487541891946
8.829999999999856;-0.014595755881955039;-0.0932181707547354
8.839999999999856;-0.013139379739692108;-0.0888141465780377
8.849999999999856;-0.011731112525993;-0.08424504475585422
8.859999999999856;-0.010398079048771736;-0.07958777367570573
8.869999999999855;-0.00917403777236485;-0.07499818157450888
8.879999999999855;-0.008078692160826175;-0.0705798506817087
8.889999999999855;-0.007106483546180755;-0.06629874301080343
8.899999999999855;-0.0062368553798332746;-0.06206925137835997
8.909999999999854;-0.005439208805497772;-0.05784885334453331
8.919999999999854;-0.004705755650530321;-0.05369816204705456
8.929999999999854;-0.0040460736085495864;-0.04965385723937181
8.939999999999854;-0.0034383799799412845;-0.04562648172829661
8.949999999999854;-0.002858849913561704;-0.04156707856832381
8.959999999999853;-0.0023082580701243023;-0.03745938165146972
8.969999999999853;-0.0018012105044366282;-0.03324889710096667
8.979999999999853;-0.0013579780001353769;-0.028990084457487356
8.989999999999853;-0.0009838256509477918;-0.02487255842962952
8.999999999999853;-0.0006762363288510441;-0.021024240384205882
9.009999999999852;-0.0004467007736897834;-0.017450499418172366
9.019999999999852;-0.0002951784449798696;-0.014136897052433999
9.029999999999852;-0.00019281762434511217;-0.011147577299898395
9.039999999999852;-0.00011397137711887646;-0.008563880122275356
9.049999999999851;-5.8415386580138325e-05;-0.006422067412432376
9.059999999999851;-3.447566854659264e-05;-0.004731475261931953
9.069999999999851;-2.4174525454039606e-05;-0.003430444087677516
9.07999999999985;-9.24373694238226e-06;-0.0024203620596175016
9.08999999999985;3.886851237728942e-06;-0.0015527177718352603
9.09999999999985;2.873318292644232e-06;-0.0007821786076858468
9.10999999999985;-6.496456167979509e-06;-0.00023915267397549866
9.11999999999985;-4.62175411201955e-06;6.605221362752268e-05
9.12999999999985;5.046317631792309e-06;0.00020275587810537486
9.13999999999985;1.986816987688855e-06;0.00015618852318185486
9.14999999999985;-1.2777220698629512e-05;-0.00011088191741497165
9.15999999999985;-2.1780264703798263e-05;-0.0006635053816244362
9.169999999999849;-2.0471128995671056e-05;-0.0016062354311715656
9.179999999999849;-2.6051486884504826e-05;-0.0030473694008667784
9.189999999999849;-5.0941720614819436e-05;-0.005015267587033797
9.199999999999848;-8.987419562565478e-05;-0.0074159795468068225
9.209999999999848;-0.00014649551769720725;-0.010118851144751211
9.219999999999848;-0.0002470703690725007;-0.013103095110063823
9.229999999999848;-0.0004157854039959144;-0.016411436367072183
9.239999999999847;-0.0006458512190565574;-0.019970199125906554
9.249999999999847;-0.0009147271290632332;-0.023656910070874393
9.259999999999847;-0.0012236777332456491;-0.027396718159547594
9.269999999999847;-0.001584739957361694;-0.031122299143879612
9.279999999999847;-0.0019821296084763184;-0.034777591506924166
9.289999999999846;-0.0024051093610561497;-0.038437979914164914
9.299999999999846;-0.002874417022092755;-0.04225670945118788
9.309999999999846;-0.003421155717674402;-0.0462525715792726
9.319999999999846;-0.004057979038916231;-0.050377484732945926
9.329999999999846;-0.004772661376191309;-0.054609089062685814
9.339999999999845;-0.005575553241846687;-0.05897027390285069
9.349999999999845;-0.006512940297241225;-0.06352945803858114
9.359999999999845;-0.007595434018247105;-0.0682632146757638
9.369999999999845;-0.008788364355370254;-0.07309785048182098
9.379999999999844;-0.010067343303126208;-0.07795980427489066
9.389999999999844;-0.011412877449486339;-0.08267283188438625
9.399999999999844;-0.012779384535592072;-0.08710100874800766
9.409999999999844;-0.014122615077176838;-0.09128804845643147
9.419999999999844;-0.015413039525002085;-0.09527730867842213
9.429999999999843;-0.016645140193430594;-0.0990340339566938
9.439999999999843;-0.017819730174401117;-0.10251478080179861
9.449999999999843;-0.01891558160861059;-0.10571046674579693
9.459999999999843;-0.019927178873286367;-0.10863781106923373
9.469999999999843;-0.020898403716523732;-0.11132973071326631
9.479999999999842;-0.021887958512049825;-0.11390342608705464
9.489999999999842;-0.022901218789135782;-0.11644490659255222
9.499999999999842;-0.023924517845238583;-0.11892144682990072
9.509999999999842;-0.024945865453164674;-0.12122590051289227
9.519999999999841;-0.025933262507931255;-0.12327411404923143
9.529999999999841;-0.026862425199858306;-0.12508565051096357
9.539999999999841;-0.02768946757461411;-0.12664855069302855
9.54999999999984;-0.028365637656647277;-0.12790086266781106
9.55999999999984;-0.028875358959810752;-0.12884577752856163
9.56999999999984;-0.029181164730329723;-0.12943903540367535
9.57999999999984;-0.029212498202856645;-0.1295449235638907
9.58999999999984;-0.028971962795365513;-0.12915127894921807
9.59999999999984;-0.028529528255721335;-0.12838812598847996
9.60999999999984;-0.027937612123903853;-0.1273456554594993
9.61999999999984;-0.027233803160996897;-0.12605552772489598
9.62999999999984;-0.02644700461450948;-0.12453292414152224
9.639999999999839;-0.02560131731901356;-0.1227909770412832
9.649999999999839;-0.024736829795718274;-0.12085094904576651
9.659999999999838;-0.02386373431857391;-0.11871421462389527
9.669999999999838;-0.02297304641148314;-0.11644848035603654
9.679999999999838;-0.0220797204582695;-0.11412992204840498
9.689999999999838;-0.021173780198495085;-0.11167954589166607
9.699999999999838;-0.020200832539667268;-0.1089541792657925
9.709999999999837;-0.019111230943387614;-0.10588949103277658
9.719999999999837;-0.017905802964902875;-0.10250736940381454
9.729999999999837;-0.0166111106389963;-0.09881531948306549
9.739999999999837;-0.01525335376784189;-0.09484234643192789
9.749999999999837;-0.013854482402541108;-0.09068056815174112
9.759999999999836;-0.012430157511774209;-0.08630887188532865
9.769999999999836;-0.01103272916394035;-0.08169194475389376
9.779999999999836;-0.009719586250315975;-0.07693160198554483
9.789999999999836;-0.00849861176977467;-0.07216894749649728
9.799999999999836;-0.007386163395383676;-0.06754599592435344
9.809999999999835;-0.006410354468937942;-0.06310702491464672
9.819999999999835;-0.005566308018593258;-0.05881457731030905
9.829999999999835;-0.004815952654494967;-0.05464675442145915
9.839999999999835;-0.004130696328589362;-0.05054790568669494
9.849999999999834;-0.0035091868602425006;-0.04647453568839272
9.859999999999834;-0.0029609572511267164;-0.042489633026253096
9.869999999999834;-0.002466138912562816;-0.03862535990230666
9.879999999999834;-0.001990326438721633;-0.03475674701773866
9.889999999999834;-0.0015456938257742095;-0.030796016948577285
9.899999999999833;-0.001160938799953147;-0.026787447117749608
9.909999999999833;-0.0008366030639610778;-0.022835767479359233
9.919999999999833;-0.0005640533985377175;-0.019039370841388046
9.929999999999833;-0.00035299069017762205;-0.015510713203563628
9.939999999999833;-0.0002172078347047537;-0.012332906133856125
9.949999999999832;-0.00013922839423776098;-0.009499792419875875
9.959999999999832;-8.518102863827498e-05;-0.006999414202108468
9.969999999999832;-4.229292028850292e-05;-0.004870786266122605
9.979999999999832;-1.920035217416422e-05;-0.0032190131513808755
9.989999999999831;-1.5104021941634766e-05;-0.0020692751432648034
9.999999999999831;-1.1974868072400745e-05;-0.0012786548845964245
